Filename,Author,Title,Date,URL,URL(text-only),doc_id,text_filename,text_path,publication_year
fpn-bruce-bruce.xml,Henry Clay Bruce,"The New Man: Twenty-Nine Years a Slave,Twenty-Nine Years a Free Man",1895,http://docsouth.unc.edu/fpn/bruce/menu.html,http://docsouth.unc.edu/full-text/na-slave-narratives/data/texts/fpn-bruce-bruce.txt,fpn-bruce-bruce,fpn-bruce-bruce.txt,/Users/j/Documents/UC Riverside/Work/Projects/na-slave-narratives/data/texts/fpn-bruce-bruce.txt,1895.0
fpn-hughes-hughes.xml,Louis  Hughes,Thirty Years a Slave: From Bondage to Freedom: The Institution of Slavery as Seen on the Plantation and in the Home of the Planter,1897,http://docsouth.unc.edu/fpn/hughes/menu.html,http://docsouth.unc.edu/full-text/na-slave-narratives/data/texts/fpn-hughes-hughes.txt,fpn-hughes-hughes,fpn-hughes-hughes.txt,/Users/j/Documents/UC Riverside/Work/Projects/na-slave-narratives/data/texts/fpn-hughes-hughes.txt,1897.0
fpn-jackson-jackson.xml,John Andrew Jackson,The Experience of a Slave in South Carolina,1862,http://docsouth.unc.edu/fpn/jackson/menu.html,http://docsouth.unc.edu/full-text/na-slave-narratives/data/texts/fpn-jackson-jackson.txt,fpn-jackson-jackson,fpn-jackson-jackson.txt,/Users/j/Documents/UC Riverside/Work/Projects/na-slave-narratives/data/texts/fpn-jackson-jackson.txt,1862.0
nc-jones85-jones85.xml,Thomas H. Jones,"The Experience of Rev. Thomas H. Jones, Who Was a Slave for Forty-Three Years. Written by a Friend, as Related to Him by Brother Jones",1885,http://docsouth.unc.edu/nc/jones85/menu.html,http://docsouth.unc.edu/full-text/na-slave-narratives/data/texts/nc-jones85-jones85.txt,nc-jones85-jones85,nc-jones85-jones85.txt,/Users/j/Documents/UC Riverside/Work/Projects/na-slave-narratives/data/texts/nc-jones85-jones85.txt,1885.0
neh-aaron-aaron.xml,  Aaron,The Light and Truth of Slavery. Aaron's History,1845,http://docsouth.unc.edu/neh/aaron/menu.html,http://docsouth.unc.edu/full-text/na-slave-narratives/data/texts/neh-aaron-aaron.txt,neh-aaron-aaron,neh-aaron-aaron.txt,/Users/j/Documents/UC Riverside/Work/Projects/na-slave-narratives/data/texts/neh-aaron-aaron.txt,1845.0
neh-arter-arter.xml,Jared Maurice Arter,Echoes from a Pioneer Life,1922,http://docsouth.unc.edu/neh/arter/menu.html,http://docsouth.unc.edu/full-text/na-slave-narratives/data/texts/neh-arter-arter.txt,neh-arter-arter,neh-arter-arter.txt,/Users/j/Documents/UC Riverside/Work/Projects/na-slave-narratives/data/texts/neh-arter-arter.txt,1922.0
neh-boxbrown-boxbrown.xml,Henry Box Brown,"Narrative of Henry Box Brown, Who Escaped from Slavery, Enclosed in a Box 3 Feet Long and 2 Wide. Written from a Statement of Facts Made by Himself. With Remarks Upon the Remedy for Slavery. By Charles Stearns",1849,http://docsouth.unc.edu/neh/boxbrown/menu.html,http://docsouth.unc.edu/full-text/na-slave-narratives/data/texts/neh-boxbrown-boxbrown.txt,neh-boxbrown-boxbrown,neh-boxbrown-boxbrown.txt,/Users/j/Documents/UC Riverside/Work/Projects/na-slave-narratives/data/texts/neh-boxbrown-boxbrown.txt,1849.0
neh-bragg-bragg.xml,George F. Bragg,Men of Maryland,1914,http://docsouth.unc.edu/neh/bragg/menu.html,http://docsouth.unc.edu/full-text/na-slave-narratives/data/texts/neh-bragg-bragg.txt,neh-bragg-bragg,neh-bragg-bragg.txt,/Users/j/Documents/UC Riverside/Work/Projects/na-slave-narratives/data/texts/neh-bragg-bragg.txt,1914.0
neh-brownj-brownj.xml,Josephine  Brown,"Biography of an American Bondman, by His Daughter"," 1856, c1855",http://docsouth.unc.edu/neh/brownj/menu.html,http://docsouth.unc.edu/full-text/na-slave-narratives/data/texts/neh-brownj-brownj.txt,neh-brownj-brownj,neh-brownj-brownj.txt,/Users/j/Documents/UC Riverside/Work/Projects/na-slave-narratives/data/texts/neh-brownj-brownj.txt,1856.0
neh-bruner-bruner.xml,Peter  Bruner,"A Slave's Adventures Toward Freedom. Not Fiction, but the True Story of a Struggle",1918,http://docsouth.unc.edu/neh/bruner/menu.html,http://docsouth.unc.edu/full-text/na-slave-narratives/data/texts/neh-bruner-bruner.txt,neh-bruner-bruner,neh-bruner-bruner.txt,/Users/j/Documents/UC Riverside/Work/Projects/na-slave-narratives/data/texts/neh-bruner-bruner.txt,1918.0
neh-charlton-charlton.xml,Lewis  Charlton,"Sketch of the Life of Mr. Lewis Charlton, and Reminiscences of Slavery",?,http://docsouth.unc.edu/neh/charlton/menu.html,http://docsouth.unc.edu/full-text/na-slave-narratives/data/texts/neh-charlton-charlton.txt,neh-charlton-charlton,neh-charlton-charlton.txt,/Users/j/Documents/UC Riverside/Work/Projects/na-slave-narratives/data/texts/neh-charlton-charlton.txt,
neh-detroit-detroit.xml,  No Author,"A Thrilling Narrative from the Lips of the Sufferers of the Late Detroit Riot, March 6, 1863, With the Hair Breadth Escapes of Men, Women and Children, and Destruction of Colored Men's Property, Not Less Than $15,000.",1863,http://docsouth.unc.edu/neh/detroit/menu.html,http://docsouth.unc.edu/full-text/na-slave-narratives/data/texts/neh-detroit-detroit.txt,neh-detroit-detroit,neh-detroit-detroit.txt,/Users/j/Documents/UC Riverside/Work/Projects/na-slave-narratives/data/texts/neh-detroit-detroit.txt,1863.0
neh-hammon-hammon.xml,Briton  Hammon,"A Narrative of the Uncommon Sufferings, and Surprizing Deliverance of Briton Hammon, a Negro Man,--Servant to General Winslow, of Marshfield, in New-England; Who Returned to Boston, After Having Been Absent Almost Thirteen Years. Containing an Account of the Many Hardships He Underwent from the Time He Left His Master's House, in the Year 1747, to the Time of His Return to Boston.--How He Was Cast Away in the Capes of Florida;---The Horrid Cruelty and Inhuman Barbarity of the Indians in Murdering the Whole Ship's Crew;---The Manner of His Being Carry'd by Them Into Captivity. Also, an Account of His Being Confined Four Years and Seven Months in a Close Dungeon,---and the Remarkable Manner in Which He Met with His Good Old Master in London; Who Returned to New-England, a Passenger in the Same Ship",1760,http://docsouth.unc.edu/neh/hammon/menu.html,http://docsouth.unc.edu/full-text/na-slave-narratives/data/texts/neh-hammon-hammon.txt,neh-hammon-hammon,neh-hammon-hammon.txt,/Users/j/Documents/UC Riverside/Work/Projects/na-slave-narratives/data/texts/neh-hammon-hammon.txt,1760.0
neh-hammond-hammond.xml,Julius  Melbourn,"Life and Opinions of Julius Melbourn; with Sketches of the Lives and Characters of Thomas Jefferson, John Quincy Adams, John Randolph, and Several Other Eminent American Statesmen",1847,http://docsouth.unc.edu/neh/hammond/menu.html,http://docsouth.unc.edu/full-text/na-slave-narratives/data/texts/neh-hammond-hammond.txt,neh-hammond-hammond,neh-hammond-hammond.txt,/Users/j/Documents/UC Riverside/Work/Projects/na-slave-narratives/data/texts/neh-hammond-hammond.txt,1847.0
neh-henson58-henson58.xml,Josiah  Henson,Truth Stranger Than Fiction. Father Henson's Story of His Own Life,1858,http://docsouth.unc.edu/neh/henson58/menu.html,http://docsouth.unc.edu/full-text/na-slave-narratives/data/texts/neh-henson58-henson58.txt,neh-henson58-henson58,neh-henson58-henson58.txt,/Users/j/Documents/UC Riverside/Work/Projects/na-slave-narratives/data/texts/neh-henson58-henson58.txt,1858.0
neh-hopper-hopper.xml,Isaac T. Hopper,Narrative of the Life of Thomas Cooper,1832,http://docsouth.unc.edu/neh/hopper/menu.html,http://docsouth.unc.edu/full-text/na-slave-narratives/data/texts/neh-hopper-hopper.txt,neh-hopper-hopper,neh-hopper-hopper.txt,/Users/j/Documents/UC Riverside/Work/Projects/na-slave-narratives/data/texts/neh-hopper-hopper.txt,1832.0
neh-iwilliams-iwilliams.xml,Isaac D. Williams,"Sunshine and Shadow of Slave Life. Reminiscences as told by Isaac D. Williams to ""Tege""",1885,http://docsouth.unc.edu/neh/iwilliams/menu.html,http://docsouth.unc.edu/full-text/na-slave-narratives/data/texts/neh-iwilliams-iwilliams.txt,neh-iwilliams-iwilliams,neh-iwilliams-iwilliams.txt,/Users/j/Documents/UC Riverside/Work/Projects/na-slave-narratives/data/texts/neh-iwilliams-iwilliams.txt,1885.0
neh-jeter-jeter.xml,Henry N. Jeter,"Pastor Henry N. Jeter's Twenty-five Years Experience with the Shiloh Baptist Church and Her History. Corner School and Mary Streets, Newport, R. I.",1901,http://docsouth.unc.edu/neh/jeter/menu.html,http://docsouth.unc.edu/full-text/na-slave-narratives/data/texts/neh-jeter-jeter.txt,neh-jeter-jeter,neh-jeter-jeter.txt,/Users/j/Documents/UC Riverside/Work/Projects/na-slave-narratives/data/texts/neh-jeter-jeter.txt,1901.0
neh-mars-mars.xml,James  Mars,"Life of James Mars, a Slave Born and Sold in Connecticut. Written by Himself", 1868,http://docsouth.unc.edu/neh/mars/menu.html,http://docsouth.unc.edu/full-text/na-slave-narratives/data/texts/neh-mars-mars.txt,neh-mars-mars,neh-mars-mars.txt,/Users/j/Documents/UC Riverside/Work/Projects/na-slave-narratives/data/texts/neh-mars-mars.txt,1868.0
neh-natlove-natlove.xml,Nat  Love,"Life and Adventures of Nat Love, Better Known in the Cattle Country as ""Deadwood Dick,"" by Himself; a True History of Slavery Days, Life on the Great Cattle Ranges and on the Plains of the ""Wild and Woolly"" West, Based on Facts, and Personal Experiences of the Author", 1907,http://docsouth.unc.edu/neh/natlove/menu.html,http://docsouth.unc.edu/full-text/na-slave-narratives/data/texts/neh-natlove-natlove.txt,neh-natlove-natlove,neh-natlove-natlove.txt,/Users/j/Documents/UC Riverside/Work/Projects/na-slave-narratives/data/texts/neh-natlove-natlove.txt,1907.0
neh-nicholson-nicholson.xml,Alfred W. Nicholson,Brief Sketch of the Life and Labors of Rev. Alexander Bettis. Also an Account of the Founding and Development of the Bettis Academy,1913,http://docsouth.unc.edu/neh/nicholson/menu.html,http://docsouth.unc.edu/full-text/na-slave-narratives/data/texts/neh-nicholson-nicholson.txt,neh-nicholson-nicholson,neh-nicholson-nicholson.txt,/Users/j/Documents/UC Riverside/Work/Projects/na-slave-narratives/data/texts/neh-nicholson-nicholson.txt,1913.0
neh-oneal-oneal.xml,William  O'Neal,"Life and History of William O'Neal, or, The Man Who Sold His Wife", 1896,http://docsouth.unc.edu/neh/oneal/menu.html,http://docsouth.unc.edu/full-text/na-slave-narratives/data/texts/neh-oneal-oneal.txt,neh-oneal-oneal,neh-oneal-oneal.txt,/Users/j/Documents/UC Riverside/Work/Projects/na-slave-narratives/data/texts/neh-oneal-oneal.txt,1896.0
neh-robinsonn-robinson.xml,Nina Hill Robinson,Aunt Dice: The Story of a Faithful Slave,1897,http://docsouth.unc.edu/neh/robinsonn/menu.html,http://docsouth.unc.edu/full-text/na-slave-narratives/data/texts/neh-robinsonn-robinson.txt,neh-robinsonn-robinson,neh-robinsonn-robinson.txt,/Users/j/Documents/UC Riverside/Work/Projects/na-slave-narratives/data/texts/neh-robinsonn-robinson.txt,1897.0
neh-scott-scott.xml,Emmett J. Scott,"Booker T. Washington, Builder of a Civilization",1916,http://docsouth.unc.edu/neh/scott/menu.html,http://docsouth.unc.edu/full-text/na-slave-narratives/data/texts/neh-scott-scott.txt,neh-scott-scott,neh-scott-scott.txt,/Users/j/Documents/UC Riverside/Work/Projects/na-slave-narratives/data/texts/neh-scott-scott.txt,1916.0
neh-stedman-stedman.xml,John Gabriel Stedman,"Narrative of Joanna; An Emancipated Slave, of Surinam. (From Stedman's Narrative of a Five Year's Expedition Against the Revolted Negroes of Surinam)",1838,http://docsouth.unc.edu/neh/stedman/menu.html,http://docsouth.unc.edu/full-text/na-slave-narratives/data/texts/neh-stedman-stedman.txt,neh-stedman-stedman,neh-stedman-stedman.txt,/Users/j/Documents/UC Riverside/Work/Projects/na-slave-narratives/data/texts/neh-stedman-stedman.txt,1838.0
neh-troy-troy.xml,William  Troy,Hair-breadth Escapes from Slavery to Freedom,1861,http://docsouth.unc.edu/neh/troy/menu.html,http://docsouth.unc.edu/full-text/na-slave-narratives/data/texts/neh-troy-troy.txt,neh-troy-troy,neh-troy-troy.txt,/Users/j/Documents/UC Riverside/Work/Projects/na-slave-narratives/data/texts/neh-troy-troy.txt,1861.0
neh-webb-webb.xml,William  Webb,"The History of William Webb, Composed by Himself",1873,http://docsouth.unc.edu/neh/webb/menu.html,http://docsouth.unc.edu/full-text/na-slave-narratives/data/texts/neh-webb-webb.txt,neh-webb-webb,neh-webb-webb.txt,/Users/j/Documents/UC Riverside/Work/Projects/na-slave-narratives/data/texts/neh-webb-webb.txt,1873.0
neh-weld-weld.xml,Theodore Dwight Weld,American Slavery As It Is: Testimony of a Thousand Witnesses,1839,http://docsouth.unc.edu/neh/weld/menu.html,http://docsouth.unc.edu/full-text/na-slave-narratives/data/texts/neh-weld-weld.txt,neh-weld-weld,neh-weld-weld.txt,/Users/j/Documents/UC Riverside/Work/Projects/na-slave-narratives/data/texts/neh-weld-weld.txt,1839.0
neh-williams-williams.xml,James  Williams,"Life and Adventures of James Williams, a Fugitive Slave, with a Full Description of the Underground Railroad",1873,http://docsouth.unc.edu/neh/williams/menu.html,http://docsouth.unc.edu/full-text/na-slave-narratives/data/texts/neh-williams-williams.txt,neh-williams-williams,neh-williams-williams.txt,/Users/j/Documents/UC Riverside/Work/Projects/na-slave-narratives/data/texts/neh-williams-williams.txt,1873.0
