topic,count,default_name,year_min,year_max,top_documents
-1,438,-1_mistress_toussaint_mrs_freedom,1810,1929,"The Black Man: His Antecedents, His Genius, and His Achievements (William Wells Brown): 38 | The Kidnapped and the Ransomed. Recollections of Peter Still and His Wife ""Vina,"" after Forty Years of Slavery. (Kate E. R. Pickard): 38 | The Colored Patriots of the American Revolution: With Sketches of Several Distinguished Colored Persons: To Which is Added a Brief Survey of the Condition and Prospects of Colored Americans (William Cooper Nell): 36 | The American Fugitive in Europe. Sketches of Places and People Abroad (William Wells Brown): 32 | Narratives of Colored Americans (Abigail  Mott): 28"
0,73,0_farm_bond_scott_cotton,1893,1929,"From Slavery to Wealth. The Life of Scott Bond.  The Rewards of Honesty, Industry, Economy and Perseverance (Dan. A. Rudd): 69 | My Life and Travels (Levi  Branham): 2 | Autobiography of Bishop Isaac Lane, LL.D. with a Short History of the C.M.E. Church in America and of Methodism (Isaac  Lane): 1 | Life of Isaac Mason as a Slave (Isaac  Mason): 1"
1,71,1_paul_oh_mistress_love,1846,1913,"The Story of a Slave. A Realistic Revelation of a Social Relation of Slave Times--Hitherto Unwritten--From the Pen of One Who Has Felt Both the Lash and the Caress of a Mistress (  No Author): 59 | Narrative of William Hayden, Containing a Faithful Account of His Travels for a Number of Years, Whilst a Slave, in the South. Written by Himself (William  Hayden): 8 | From the Darkness Cometh the Light or Struggles for Freedom (Lucy A. Delaney): 1 | Reminiscences of School Life, and Hints on Teaching (Fanny Jackson Coppin): 1 | Narratives of Colored Americans (Abigail  Mott): 1"
2,61,2_peter_phillip_dollar_friedman,1826,1902,"Narrative of William Hayden, Containing a Faithful Account of His Travels for a Number of Years, Whilst a Slave, in the South. Written by Himself (William  Hayden): 24 | The Kidnapped and the Ransomed. Recollections of Peter Still and His Wife ""Vina,"" after Forty Years of Slavery. (Kate E. R. Pickard): 16 | From Slavery to a Bishopric, or, The Life of Bishop Walter Hawkins of the British Methodist Episcopal Church Canada (S. J. Celestine Edwards): 6 | The Black Man: His Antecedents, His Genius, and His Achievements (William Wells Brown): 3 | Trials and Confessions of Madison Henderson, Alias Blanchard, Alfred Amos Warrick, James W. Seward, and Charles Brown, Murderers of Jesse Baker and Jacob Weaver, as Given by Themselves; and a Likeness of Each, Taken in Jail Shortly after Their Arrest (Madison  Henderson): 3"
3,51,3_ship_vessel_board_captain,1810,1913,"The Blind African Slave, or Memoirs of Boyrereau Brinch, Nick-named Jeffrey Brace. Containing an Account of the Kingdom of Bow-Woo, in the Interior of Africa; with the Climate and Natural Productions, Laws, and Customs Peculiar to That Place. With an Account of His Captivity, Sufferings, Sales, Travels, Emancipation, Conversion to the Christian Religion, Knowledge of the Scriptures, &amp;c. Interspersed with Strictures on Slavery, Speculative Observations on the Qualities of Human Nature, with Quotation from Scripture (Boyrereau  Brinch): 8 | The American Fugitive in Europe. Sketches of Places and People Abroad (William Wells Brown): 7 | Narratives of Colored Americans (Abigail  Mott): 6 | The Black Man: His Antecedents, His Genius, and His Achievements (William Wells Brown): 4 | Biographical Sketches and Interesting Anecdotes of Persons of Colour. To Which is Added, a Selection of Pieces in Poetry (Abigail  Mott): 4"
4,47,4_lord_pray_prayer_toussaint,1826,1916,"Narratives of Colored Americans (Abigail  Mott): 19 | Biographical Sketches and Interesting Anecdotes of Persons of Colour. To Which is Added, a Selection of Pieces in Poetry (Abigail  Mott): 17 | Memoir of Pierre Toussaint, Born a Slave in St. Domingo (Hannah Farnham Sawyer Lee): 5 | The Kidnapped and the Ransomed. Recollections of Peter Still and His Wife ""Vina,"" after Forty Years of Slavery. (Kate E. R. Pickard): 2 | Autobiography of Bishop Isaac Lane, LL.D. with a Short History of the C.M.E. Church in America and of Methodism (Isaac  Lane): 1"
5,46,5_brother_missionary_sister_tear,1810,1929,"Narratives of Colored Americans (Abigail  Mott): 13 | Narrative of William Hayden, Containing a Faithful Account of His Travels for a Number of Years, Whilst a Slave, in the South. Written by Himself (William  Hayden): 8 | The Kidnapped and the Ransomed. Recollections of Peter Still and His Wife ""Vina,"" after Forty Years of Slavery. (Kate E. R. Pickard): 5 | Biographical Sketches and Interesting Anecdotes of Persons of Colour. To Which is Added, a Selection of Pieces in Poetry (Abigail  Mott): 4 | The Black Man: His Antecedents, His Genius, and His Achievements (William Wells Brown): 3"
6,37,6_antislavery_american_nation_boston,1855,1917,"The Colored Patriots of the American Revolution: With Sketches of Several Distinguished Colored Persons: To Which is Added a Brief Survey of the Condition and Prospects of Colored Americans (William Cooper Nell): 19 | The Black Man: His Antecedents, His Genius, and His Achievements (William Wells Brown): 8 | From Slavery to Wealth. The Life of Scott Bond.  The Rewards of Honesty, Industry, Economy and Perseverance (Dan. A. Rudd): 4 | The American Fugitive in Europe. Sketches of Places and People Abroad (William Wells Brown): 3 | Autobiography of Bishop Isaac Lane, LL.D. with a Short History of the C.M.E. Church in America and of Methodism (Isaac  Lane): 1"
7,36,7_liberty_society_freedom_unit,1810,1909,"The Black Man: His Antecedents, His Genius, and His Achievements (William Wells Brown): 10 | The Colored Patriots of the American Revolution: With Sketches of Several Distinguished Colored Persons: To Which is Added a Brief Survey of the Condition and Prospects of Colored Americans (William Cooper Nell): 10 | From Slavery to a Bishopric, or, The Life of Bishop Walter Hawkins of the British Methodist Episcopal Church Canada (S. J. Celestine Edwards): 7 | The American Fugitive in Europe. Sketches of Places and People Abroad (William Wells Brown): 3 | Memories of Childhood's Slavery Days (Annie L. Burton): 2"
8,35,8_american_soldier_citizen_battle,1855,1917,"The Colored Patriots of the American Revolution: With Sketches of Several Distinguished Colored Persons: To Which is Added a Brief Survey of the Condition and Prospects of Colored Americans (William Cooper Nell): 28 | Old Plantation Days (W.  Mallory): 3 | The Black Man: His Antecedents, His Genius, and His Achievements (William Wells Brown): 2 | The Kidnapped and the Ransomed. Recollections of Peter Still and His Wife ""Vina,"" after Forty Years of Slavery. (Kate E. R. Pickard): 1 | From Slavery to Wealth. The Life of Scott Bond.  The Rewards of Honesty, Industry, Economy and Perseverance (Dan. A. Rudd): 1"
9,33,9_miller_madison_store_gavitt,1810,1917,"Trials and Confessions of Madison Henderson, Alias Blanchard, Alfred Amos Warrick, James W. Seward, and Charles Brown, Murderers of Jesse Baker and Jacob Weaver, as Given by Themselves; and a Likeness of Each, Taken in Jail Shortly after Their Arrest (Madison  Henderson): 19 | The Kidnapped and the Ransomed. Recollections of Peter Still and His Wife ""Vina,"" after Forty Years of Slavery. (Kate E. R. Pickard): 5 | Narratives of the Sufferings of Lewis and Milton Clarke, Sons of a Soldier of the Revolution, During a Captivity of More than Twenty Years Among the Slaveholders of Kentucky, One of the So-Called Christian States of North America (Lewis Garrard Clarke): 2 | The Blind African Slave, or Memoirs of Boyrereau Brinch, Nick-named Jeffrey Brace. Containing an Account of the Kingdom of Bow-Woo, in the Interior of Africa; with the Climate and Natural Productions, Laws, and Customs Peculiar to That Place. With an Account of His Captivity, Sufferings, Sales, Travels, Emancipation, Conversion to the Christian Religion, Knowledge of the Scriptures, &amp;c. Interspersed with Strictures on Slavery, Speculative Observations on the Qualities of Human Nature, with Quotation from Scripture (Boyrereau  Brinch): 1 | The American Fugitive in Europe. Sketches of Places and People Abroad (William Wells Brown): 1"
10,30,10_writer_yea_amen_conference,1826,1916,"Wilkerson's History of His Travels &amp; Labors, in the United States, As a Missionary, in Particular, That of the Union Seminary, Located in Franklin Co., Ohio, Since He Purchased His Liberty in New Orleans, La. &amp;c. (Major James Wilkerson): 14 | From Slavery to a Bishopric, or, The Life of Bishop Walter Hawkins of the British Methodist Episcopal Church Canada (S. J. Celestine Edwards): 5 | Slavery Illustrated, in the Histories of Zangara and Maquama, Two Negroes Stolen From Africa and Sold Into Slavery. Related by Themselves (  No Author): 4 | Autobiography of Bishop Isaac Lane, LL.D. with a Short History of the C.M.E. Church in America and of Methodism (Isaac  Lane): 2 | Biographical Sketches and Interesting Anecdotes of Persons of Colour. To Which is Added, a Selection of Pieces in Poetry (Abigail  Mott): 2"
11,29,11_darkey_dogs_plantation_overseer,1841,1929,"Last of the Pioneers: Or, Old Times in East Tenn., Being the Life and Reminiscences of Pharaoh Jackson Chesney (Aged 120 Years) (Pharaoh Jackson Chesney): 8 | The Kidnapped and the Ransomed. Recollections of Peter Still and His Wife ""Vina,"" after Forty Years of Slavery. (Kate E. R. Pickard): 5 | From Slavery to Wealth. The Life of Scott Bond.  The Rewards of Honesty, Industry, Economy and Perseverance (Dan. A. Rudd): 4 | Old Plantation Days (W.  Mallory): 3 | Recollections of Slavery Times (Allen  Parker): 2"
12,27,12_cyrus_road_journey_jerry,1846,1917,"Life of Isaac Mason as a Slave (Isaac  Mason): 7 | Narratives of the Sufferings of Lewis and Milton Clarke, Sons of a Soldier of the Revolution, During a Captivity of More than Twenty Years Among the Slaveholders of Kentucky, One of the So-Called Christian States of North America (Lewis Garrard Clarke): 5 | The Kidnapped and the Ransomed. Recollections of Peter Still and His Wife ""Vina,"" after Forty Years of Slavery. (Kate E. R. Pickard): 5 | The Narrative of Bethany Veney: A Slave Woman (Bethany  Veney): 3 | Old Plantation Days (W.  Mallory): 3"
13,26,13_teacher_pupil_class_verb,1826,1913,"Reminiscences of School Life, and Hints on Teaching (Fanny Jackson Coppin): 25 | Biographical Sketches and Interesting Anecdotes of Persons of Colour. To Which is Added, a Selection of Pieces in Poetry (Abigail  Mott): 1"
14,26,14_heaven_harry_lord_christ,1826,1916,"Wilkerson's History of His Travels &amp; Labors, in the United States, As a Missionary, in Particular, That of the Union Seminary, Located in Franklin Co., Ohio, Since He Purchased His Liberty in New Orleans, La. &amp;c. (Major James Wilkerson): 9 | Narratives of Colored Americans (Abigail  Mott): 6 | Autobiography of Bishop Isaac Lane, LL.D. with a Short History of the C.M.E. Church in America and of Methodism (Isaac  Lane): 4 | Biographical Sketches and Interesting Anecdotes of Persons of Colour. To Which is Added, a Selection of Pieces in Poetry (Abigail  Mott): 3 | Narratives of the Sufferings of Lewis and Milton Clarke, Sons of a Soldier of the Revolution, During a Captivity of More than Twenty Years Among the Slaveholders of Kentucky, One of the So-Called Christian States of North America (Lewis Garrard Clarke): 2"
15,25,15_madison_brown_ennis_warrick,1841,1841,"Trials and Confessions of Madison Henderson, Alias Blanchard, Alfred Amos Warrick, James W. Seward, and Charles Brown, Murderers of Jesse Baker and Jacob Weaver, as Given by Themselves; and a Likeness of Each, Taken in Jail Shortly after Their Arrest (Madison  Henderson): 25"
16,25,16_jesus_sarah_pray_lord,1826,1916,"Biographical Sketches and Interesting Anecdotes of Persons of Colour. To Which is Added, a Selection of Pieces in Poetry (Abigail  Mott): 9 | Narratives of Colored Americans (Abigail  Mott): 5 | Memories of Childhood's Slavery Days (Annie L. Burton): 4 | Old Plantation Days (W.  Mallory): 2 | Autobiography of Bishop Isaac Lane, LL.D. with a Short History of the C.M.E. Church in America and of Methodism (Isaac  Lane): 1"
17,24,17_vina_peter_aunt_gist,1826,1856,"The Kidnapped and the Ransomed. Recollections of Peter Still and His Wife ""Vina,"" after Forty Years of Slavery. (Kate E. R. Pickard): 16 | Memoir of Pierre Toussaint, Born a Slave in St. Domingo (Hannah Farnham Sawyer Lee): 4 | From the Darkness Cometh the Light or Struggles for Freedom (Lucy A. Delaney): 2 | Biographical Sketches and Interesting Anecdotes of Persons of Colour. To Which is Added, a Selection of Pieces in Poetry (Abigail  Mott): 1 | The Colored Patriots of the American Revolution: With Sketches of Several Distinguished Colored Persons: To Which is Added a Brief Survey of the Condition and Prospects of Colored Americans (William Cooper Nell): 1"
18,22,18_army_war_st domingo_domingo,1855,1902,"The Colored Patriots of the American Revolution: With Sketches of Several Distinguished Colored Persons: To Which is Added a Brief Survey of the Condition and Prospects of Colored Americans (William Cooper Nell): 12 | The Black Man: His Antecedents, His Genius, and His Achievements (William Wells Brown): 8 | Old Plantation Days (W.  Mallory): 1 | Last of the Pioneers: Or, Old Times in East Tenn., Being the Life and Reminiscences of Pharaoh Jackson Chesney (Aged 120 Years) (Pharaoh Jackson Chesney): 1"
19,22,19_church_conference_bishop_rev,1875,1916,"Biography of Rev. David Smith of the A. M. E. Church; Being a Complete History, Embracing over Sixty Years' Labor in the Advancement of the Redeemer's Kingdom on Earth. Including ""The History of the Origin and Development of Wilberforce University."" (David  Smith): 14 | Autobiography of Bishop Isaac Lane, LL.D. with a Short History of the C.M.E. Church in America and of Methodism (Isaac  Lane): 6 | From Slavery to a Bishopric, or, The Life of Bishop Walter Hawkins of the British Methodist Episcopal Church Canada (S. J. Celestine Edwards): 1 | Narratives of Colored Americans (Abigail  Mott): 1"
20,22,20_school_teach_taught_education,1826,1929,"Reminiscences of School Life, and Hints on Teaching (Fanny Jackson Coppin): 11 | My Life and Travels (Levi  Branham): 2 | Narrative of William Hayden, Containing a Faithful Account of His Travels for a Number of Years, Whilst a Slave, in the South. Written by Himself (William  Hayden): 2 | From Slavery to Wealth. The Life of Scott Bond.  The Rewards of Honesty, Industry, Economy and Perseverance (Dan. A. Rudd): 2 | Autobiography of Bishop Isaac Lane, LL.D. with a Short History of the C.M.E. Church in America and of Methodism (Isaac  Lane): 1"
21,22,21_church_bishop_methodist_conference,1881,1916,"Autobiography of Bishop Isaac Lane, LL.D. with a Short History of the C.M.E. Church in America and of Methodism (Isaac  Lane): 19 | Biography of Rev. David Smith of the A. M. E. Church; Being a Complete History, Embracing over Sixty Years' Labor in the Advancement of the Redeemer's Kingdom on Earth. Including ""The History of the Origin and Development of Wilberforce University."" (David  Smith): 3"
22,20,22_church_native_society_cape,1826,1917,"The Black Man: His Antecedents, His Genius, and His Achievements (William Wells Brown): 4 | Reminiscences of School Life, and Hints on Teaching (Fanny Jackson Coppin): 4 | From Slavery to Wealth. The Life of Scott Bond.  The Rewards of Honesty, Industry, Economy and Perseverance (Dan. A. Rudd): 3 | The American Fugitive in Europe. Sketches of Places and People Abroad (William Wells Brown): 2 | Biography of Rev. David Smith of the A. M. E. Church; Being a Complete History, Embracing over Sixty Years' Labor in the Advancement of the Redeemer's Kingdom on Earth. Including ""The History of the Origin and Development of Wilberforce University."" (David  Smith): 2"
23,20,23_hunter_coon_tree_hunt,1895,1917,"Last of the Pioneers: Or, Old Times in East Tenn., Being the Life and Reminiscences of Pharaoh Jackson Chesney (Aged 120 Years) (Pharaoh Jackson Chesney): 16 | Recollections of Slavery Times (Allen  Parker): 2 | From Slavery to Wealth. The Life of Scott Bond.  The Rewards of Honesty, Industry, Economy and Perseverance (Dan. A. Rudd): 2"
24,19,24_palace_paris_louis_queen,1855,1855,The American Fugitive in Europe. Sketches of Places and People Abroad (William Wells Brown): 19
25,18,25_church_professor_conference_rev,1881,1916,"Biography of Rev. David Smith of the A. M. E. Church; Being a Complete History, Embracing over Sixty Years' Labor in the Advancement of the Redeemer's Kingdom on Earth. Including ""The History of the Origin and Development of Wilberforce University."" (David  Smith): 11 | Autobiography of Bishop Isaac Lane, LL.D. with a Short History of the C.M.E. Church in America and of Methodism (Isaac  Lane): 7"
26,18,26_peter_dollar_syracuse_shaker,1826,1891,"The Kidnapped and the Ransomed. Recollections of Peter Still and His Wife ""Vina,"" after Forty Years of Slavery. (Kate E. R. Pickard): 9 | Biographical Sketches and Interesting Anecdotes of Persons of Colour. To Which is Added, a Selection of Pieces in Poetry (Abigail  Mott): 3 | The Black Man: His Antecedents, His Genius, and His Achievements (William Wells Brown): 2 | The Colored Patriots of the American Revolution: With Sketches of Several Distinguished Colored Persons: To Which is Added a Brief Survey of the Condition and Prospects of Colored Americans (William Cooper Nell): 2 | The American Fugitive in Europe. Sketches of Places and People Abroad (William Wells Brown): 1"
27,18,27_thou_shalt_thee_lord,1810,1929,"The Blind African Slave, or Memoirs of Boyrereau Brinch, Nick-named Jeffrey Brace. Containing an Account of the Kingdom of Bow-Woo, in the Interior of Africa; with the Climate and Natural Productions, Laws, and Customs Peculiar to That Place. With an Account of His Captivity, Sufferings, Sales, Travels, Emancipation, Conversion to the Christian Religion, Knowledge of the Scriptures, &amp;c. Interspersed with Strictures on Slavery, Speculative Observations on the Qualities of Human Nature, with Quotation from Scripture (Boyrereau  Brinch): 6 | Trials and Confessions of Madison Henderson, Alias Blanchard, Alfred Amos Warrick, James W. Seward, and Charles Brown, Murderers of Jesse Baker and Jacob Weaver, as Given by Themselves; and a Likeness of Each, Taken in Jail Shortly after Their Arrest (Madison  Henderson): 3 | Biographical Sketches and Interesting Anecdotes of Persons of Colour. To Which is Added, a Selection of Pieces in Poetry (Abigail  Mott): 3 | Narrative of William Hayden, Containing a Faithful Account of His Travels for a Number of Years, Whilst a Slave, in the South. Written by Himself (William  Hayden): 2 | Life of George M. Horton. The Colored Bard of North Carolina from ""The Poetical Works of George M. Horton, the Colored Bard of North Carolina, to which is Prefixed the Life of the Author, written by himself."" (George Moses Horton): 1"
28,18,28_christophe_petion_government_rigaud,1855,1863,"The Black Man: His Antecedents, His Genius, and His Achievements (William Wells Brown): 14 | The Colored Patriots of the American Revolution: With Sketches of Several Distinguished Colored Persons: To Which is Added a Brief Survey of the Condition and Prospects of Colored Americans (William Cooper Nell): 3 | The American Fugitive in Europe. Sketches of Places and People Abroad (William Wells Brown): 1"
29,17,29_poet_pope_genius_poem,1845,1863,"The American Fugitive in Europe. Sketches of Places and People Abroad (William Wells Brown): 15 | Life of George M. Horton. The Colored Bard of North Carolina from ""The Poetical Works of George M. Horton, the Colored Bard of North Carolina, to which is Prefixed the Life of the Author, written by himself."" (George Moses Horton): 1 | The Black Man: His Antecedents, His Genius, and His Achievements (William Wells Brown): 1"
30,17,30_pat_car_bond_train,1846,1917,"From Slavery to Wealth. The Life of Scott Bond.  The Rewards of Honesty, Industry, Economy and Perseverance (Dan. A. Rudd): 7 | Life of Isaac Mason as a Slave (Isaac  Mason): 5 | Memories of Childhood's Slavery Days (Annie L. Burton): 2 | Autobiography of Bishop Isaac Lane, LL.D. with a Short History of the C.M.E. Church in America and of Methodism (Isaac  Lane): 1 | Narratives of the Sufferings of Lewis and Milton Clarke, Sons of a Soldier of the Revolution, During a Captivity of More than Twenty Years Among the Slaveholders of Kentucky, One of the So-Called Christian States of North America (Lewis Garrard Clarke): 1"
31,16,31_soldier_plantation_pig_cake,1846,1917,"Recollections of Slavery Times (Allen  Parker): 7 | Memories of Childhood's Slavery Days (Annie L. Burton): 3 | From Slavery to a Bishopric, or, The Life of Bishop Walter Hawkins of the British Methodist Episcopal Church Canada (S. J. Celestine Edwards): 2 | Last of the Pioneers: Or, Old Times in East Tenn., Being the Life and Reminiscences of Pharaoh Jackson Chesney (Aged 120 Years) (Pharaoh Jackson Chesney): 2 | Narratives of the Sufferings of Lewis and Milton Clarke, Sons of a Soldier of the Revolution, During a Captivity of More than Twenty Years Among the Slaveholders of Kentucky, One of the So-Called Christian States of North America (Lewis Garrard Clarke): 1"
32,16,32_whip_says_massr_bout,1810,1893,"The Kidnapped and the Ransomed. Recollections of Peter Still and His Wife ""Vina,"" after Forty Years of Slavery. (Kate E. R. Pickard): 8 | The Blind African Slave, or Memoirs of Boyrereau Brinch, Nick-named Jeffrey Brace. Containing an Account of the Kingdom of Bow-Woo, in the Interior of Africa; with the Climate and Natural Productions, Laws, and Customs Peculiar to That Place. With an Account of His Captivity, Sufferings, Sales, Travels, Emancipation, Conversion to the Christian Religion, Knowledge of the Scriptures, &amp;c. Interspersed with Strictures on Slavery, Speculative Observations on the Qualities of Human Nature, with Quotation from Scripture (Boyrereau  Brinch): 3 | Narratives of the Sufferings of Lewis and Milton Clarke, Sons of a Soldier of the Revolution, During a Captivity of More than Twenty Years Among the Slaveholders of Kentucky, One of the So-Called Christian States of North America (Lewis Garrard Clarke): 2 | Life of Isaac Mason as a Slave (Isaac  Mason): 1 | From Slavery to a Bishopric, or, The Life of Bishop Walter Hawkins of the British Methodist Episcopal Church Canada (S. J. Celestine Edwards): 1"
33,16,33_run away_walter_fellow_boat,1846,1902,"Narratives of the Sufferings of Lewis and Milton Clarke, Sons of a Soldier of the Revolution, During a Captivity of More than Twenty Years Among the Slaveholders of Kentucky, One of the So-Called Christian States of North America (Lewis Garrard Clarke): 4 | From Slavery to a Bishopric, or, The Life of Bishop Walter Hawkins of the British Methodist Episcopal Church Canada (S. J. Celestine Edwards): 4 | The Kidnapped and the Ransomed. Recollections of Peter Still and His Wife ""Vina,"" after Forty Years of Slavery. (Kate E. R. Pickard): 3 | The American Fugitive in Europe. Sketches of Places and People Abroad (William Wells Brown): 2 | The Black Man: His Antecedents, His Genius, and His Achievements (William Wells Brown): 1"
34,15,34_gin_engine_plant_charley,1917,1917,"From Slavery to Wealth. The Life of Scott Bond.  The Rewards of Honesty, Industry, Economy and Perseverance (Dan. A. Rudd): 15"
35,15,35_africa_tree_tribe_coffee,1810,1917,"Biographical Sketches and Interesting Anecdotes of Persons of Colour. To Which is Added, a Selection of Pieces in Poetry (Abigail  Mott): 3 | Last of the Pioneers: Or, Old Times in East Tenn., Being the Life and Reminiscences of Pharaoh Jackson Chesney (Aged 120 Years) (Pharaoh Jackson Chesney): 3 | The Blind African Slave, or Memoirs of Boyrereau Brinch, Nick-named Jeffrey Brace. Containing an Account of the Kingdom of Bow-Woo, in the Interior of Africa; with the Climate and Natural Productions, Laws, and Customs Peculiar to That Place. With an Account of His Captivity, Sufferings, Sales, Travels, Emancipation, Conversion to the Christian Religion, Knowledge of the Scriptures, &amp;c. Interspersed with Strictures on Slavery, Speculative Observations on the Qualities of Human Nature, with Quotation from Scripture (Boyrereau  Brinch): 2 | Narratives of Colored Americans (Abigail  Mott): 2 | From Slavery to Wealth. The Life of Scott Bond.  The Rewards of Honesty, Industry, Economy and Perseverance (Dan. A. Rudd): 2"
36,14,36_vina_baby_cabin_week,1856,1909,"The Kidnapped and the Ransomed. Recollections of Peter Still and His Wife ""Vina,"" after Forty Years of Slavery. (Kate E. R. Pickard): 10 | Memories of Childhood's Slavery Days (Annie L. Burton): 3 | Life of Isaac Mason as a Slave (Isaac  Mason): 1"
37,14,37_indian_battle_florida_war,1810,1929,"The Colored Patriots of the American Revolution: With Sketches of Several Distinguished Colored Persons: To Which is Added a Brief Survey of the Condition and Prospects of Colored Americans (William Cooper Nell): 7 | The Kidnapped and the Ransomed. Recollections of Peter Still and His Wife ""Vina,"" after Forty Years of Slavery. (Kate E. R. Pickard): 2 | My Life and Travels (Levi  Branham): 1 | The Blind African Slave, or Memoirs of Boyrereau Brinch, Nick-named Jeffrey Brace. Containing an Account of the Kingdom of Bow-Woo, in the Interior of Africa; with the Climate and Natural Productions, Laws, and Customs Peculiar to That Place. With an Account of His Captivity, Sufferings, Sales, Travels, Emancipation, Conversion to the Christian Religion, Knowledge of the Scriptures, &amp;c. Interspersed with Strictures on Slavery, Speculative Observations on the Qualities of Human Nature, with Quotation from Scripture (Boyrereau  Brinch): 1 | From Slavery to a Bishopric, or, The Life of Bishop Walter Hawkins of the British Methodist Episcopal Church Canada (S. J. Celestine Edwards): 1"
38,14,38_speaker_speech_disraeli_cobden,1855,1913,"The American Fugitive in Europe. Sketches of Places and People Abroad (William Wells Brown): 10 | The Black Man: His Antecedents, His Genius, and His Achievements (William Wells Brown): 2 | From Slavery to a Bishopric, or, The Life of Bishop Walter Hawkins of the British Methodist Episcopal Church Canada (S. J. Celestine Edwards): 1 | Reminiscences of School Life, and Hints on Teaching (Fanny Jackson Coppin): 1"
39,14,39_law_lash_law says_moral,1826,1909,"From Slavery to a Bishopric, or, The Life of Bishop Walter Hawkins of the British Methodist Episcopal Church Canada (S. J. Celestine Edwards): 5 | Biographical Sketches and Interesting Anecdotes of Persons of Colour. To Which is Added, a Selection of Pieces in Poetry (Abigail  Mott): 2 | Slavery Illustrated, in the Histories of Zangara and Maquama, Two Negroes Stolen From Africa and Sold Into Slavery. Related by Themselves (  No Author): 2 | Memories of Childhood's Slavery Days (Annie L. Burton): 1 | The American Fugitive in Europe. Sketches of Places and People Abroad (William Wells Brown): 1"
40,14,40_clay_kentucky_whip_overseer,1826,1891,"The Kidnapped and the Ransomed. Recollections of Peter Still and His Wife ""Vina,"" after Forty Years of Slavery. (Kate E. R. Pickard): 5 | Narratives of the Sufferings of Lewis and Milton Clarke, Sons of a Soldier of the Revolution, During a Captivity of More than Twenty Years Among the Slaveholders of Kentucky, One of the So-Called Christian States of North America (Lewis Garrard Clarke): 4 | From Slavery to a Bishopric, or, The Life of Bishop Walter Hawkins of the British Methodist Episcopal Church Canada (S. J. Celestine Edwards): 3 | Narratives of Colored Americans (Abigail  Mott): 1 | Biographical Sketches and Interesting Anecdotes of Persons of Colour. To Which is Added, a Selection of Pieces in Poetry (Abigail  Mott): 1"
41,13,41_yo_ter_joe_mistress,1846,1894,"The Story of a Slave. A Realistic Revelation of a Social Relation of Slave Times--Hitherto Unwritten--From the Pen of One Who Has Felt Both the Lash and the Caress of a Mistress (  No Author): 12 | Narrative of William Hayden, Containing a Faithful Account of His Travels for a Number of Years, Whilst a Slave, in the South. Written by Himself (William  Hayden): 1"
42,13,42_johnston_buel_postlewaite_carriage,1841,1889,"The Kidnapped and the Ransomed. Recollections of Peter Still and His Wife ""Vina,"" after Forty Years of Slavery. (Kate E. R. Pickard): 4 | Narratives of the Sufferings of Lewis and Milton Clarke, Sons of a Soldier of the Revolution, During a Captivity of More than Twenty Years Among the Slaveholders of Kentucky, One of the So-Called Christian States of North America (Lewis Garrard Clarke): 3 | Trials and Confessions of Madison Henderson, Alias Blanchard, Alfred Amos Warrick, James W. Seward, and Charles Brown, Murderers of Jesse Baker and Jacob Weaver, as Given by Themselves; and a Likeness of Each, Taken in Jail Shortly after Their Arrest (Madison  Henderson): 3 | The Narrative of Bethany Veney: A Slave Woman (Bethany  Veney): 2 | Biography of Rev. David Smith of the A. M. E. Church; Being a Complete History, Embracing over Sixty Years' Labor in the Advancement of the Redeemer's Kingdom on Earth. Including ""The History of the Origin and Development of Wilberforce University."" (David  Smith): 1"
43,12,43_whip_quahama_mene_little brother,1810,1856,"The Blind African Slave, or Memoirs of Boyrereau Brinch, Nick-named Jeffrey Brace. Containing an Account of the Kingdom of Bow-Woo, in the Interior of Africa; with the Climate and Natural Productions, Laws, and Customs Peculiar to That Place. With an Account of His Captivity, Sufferings, Sales, Travels, Emancipation, Conversion to the Christian Religion, Knowledge of the Scriptures, &amp;c. Interspersed with Strictures on Slavery, Speculative Observations on the Qualities of Human Nature, with Quotation from Scripture (Boyrereau  Brinch): 5 | Slavery Illustrated, in the Histories of Zangara and Maquama, Two Negroes Stolen From Africa and Sold Into Slavery. Related by Themselves (  No Author): 4 | Narratives of the Sufferings of Lewis and Milton Clarke, Sons of a Soldier of the Revolution, During a Captivity of More than Twenty Years Among the Slaveholders of Kentucky, One of the So-Called Christian States of North America (Lewis Garrard Clarke): 1 | Biographical Sketches and Interesting Anecdotes of Persons of Colour. To Which is Added, a Selection of Pieces in Poetry (Abigail  Mott): 1 | The Kidnapped and the Ransomed. Recollections of Peter Still and His Wife ""Vina,"" after Forty Years of Slavery. (Kate E. R. Pickard): 1"
44,12,44_citizen_unit state_unit_militia,1846,1855,"The Colored Patriots of the American Revolution: With Sketches of Several Distinguished Colored Persons: To Which is Added a Brief Survey of the Condition and Prospects of Colored Americans (William Cooper Nell): 11 | Narratives of the Sufferings of Lewis and Milton Clarke, Sons of a Soldier of the Revolution, During a Captivity of More than Twenty Years Among the Slaveholders of Kentucky, One of the So-Called Christian States of North America (Lewis Garrard Clarke): 1"
45,12,45_school_philadelphia_institute_graduat,1913,1913,"Reminiscences of School Life, and Hints on Teaching (Fanny Jackson Coppin): 12"
46,12,46_conference_massah_church_book,1810,1916,"The Blind African Slave, or Memoirs of Boyrereau Brinch, Nick-named Jeffrey Brace. Containing an Account of the Kingdom of Bow-Woo, in the Interior of Africa; with the Climate and Natural Productions, Laws, and Customs Peculiar to That Place. With an Account of His Captivity, Sufferings, Sales, Travels, Emancipation, Conversion to the Christian Religion, Knowledge of the Scriptures, &amp;c. Interspersed with Strictures on Slavery, Speculative Observations on the Qualities of Human Nature, with Quotation from Scripture (Boyrereau  Brinch): 2 | Narrative of William Hayden, Containing a Faithful Account of His Travels for a Number of Years, Whilst a Slave, in the South. Written by Himself (William  Hayden): 2 | Autobiography of Bishop Isaac Lane, LL.D. with a Short History of the C.M.E. Church in America and of Methodism (Isaac  Lane): 1 | Life of Isaac Mason as a Slave (Isaac  Mason): 1 | The Narrative of Bethany Veney: A Slave Woman (Bethany  Veney): 1"
47,12,47_dinah_briton_natural_mum bett,1810,1894,"The American Fugitive in Europe. Sketches of Places and People Abroad (William Wells Brown): 2 | The Black Man: His Antecedents, His Genius, and His Achievements (William Wells Brown): 2 | The Colored Patriots of the American Revolution: With Sketches of Several Distinguished Colored Persons: To Which is Added a Brief Survey of the Condition and Prospects of Colored Americans (William Cooper Nell): 2 | The Story of a Slave. A Realistic Revelation of a Social Relation of Slave Times--Hitherto Unwritten--From the Pen of One Who Has Felt Both the Lash and the Caress of a Mistress (  No Author): 2 | The Narrative of Bethany Veney: A Slave Woman (Bethany  Veney): 1"
48,12,48_susan_madison_cabin_plantation,1846,1895,"Narratives of the Sufferings of Lewis and Milton Clarke, Sons of a Soldier of the Revolution, During a Captivity of More than Twenty Years Among the Slaveholders of Kentucky, One of the So-Called Christian States of North America (Lewis Garrard Clarke): 4 | The American Fugitive in Europe. Sketches of Places and People Abroad (William Wells Brown): 2 | The Black Man: His Antecedents, His Genius, and His Achievements (William Wells Brown): 2 | Recollections of Slavery Times (Allen  Parker): 2 | From Slavery to a Bishopric, or, The Life of Bishop Walter Hawkins of the British Methodist Episcopal Church Canada (S. J. Celestine Edwards): 1"
49,11,49_tree_resemble_fruit_indian,1810,1902,"The Blind African Slave, or Memoirs of Boyrereau Brinch, Nick-named Jeffrey Brace. Containing an Account of the Kingdom of Bow-Woo, in the Interior of Africa; with the Climate and Natural Productions, Laws, and Customs Peculiar to That Place. With an Account of His Captivity, Sufferings, Sales, Travels, Emancipation, Conversion to the Christian Religion, Knowledge of the Scriptures, &amp;c. Interspersed with Strictures on Slavery, Speculative Observations on the Qualities of Human Nature, with Quotation from Scripture (Boyrereau  Brinch): 6 | From Slavery to a Bishopric, or, The Life of Bishop Walter Hawkins of the British Methodist Episcopal Church Canada (S. J. Celestine Edwards): 2 | Last of the Pioneers: Or, Old Times in East Tenn., Being the Life and Reminiscences of Pharaoh Jackson Chesney (Aged 120 Years) (Pharaoh Jackson Chesney): 2 | The Colored Patriots of the American Revolution: With Sketches of Several Distinguished Colored Persons: To Which is Added a Brief Survey of the Condition and Prospects of Colored Americans (William Cooper Nell): 1"
50,11,50_village_chorus_white man_peter,1826,1916,"The Kidnapped and the Ransomed. Recollections of Peter Still and His Wife ""Vina,"" after Forty Years of Slavery. (Kate E. R. Pickard): 5 | Slavery Illustrated, in the Histories of Zangara and Maquama, Two Negroes Stolen From Africa and Sold Into Slavery. Related by Themselves (  No Author): 2 | Autobiography of Bishop Isaac Lane, LL.D. with a Short History of the C.M.E. Church in America and of Methodism (Isaac  Lane): 1 | The Narrative of Bethany Veney: A Slave Woman (Bethany  Veney): 1 | Narratives of Colored Americans (Abigail  Mott): 1"
51,11,51_leone_sierra leone_sierra_christian,1826,1891,"Narratives of Colored Americans (Abigail  Mott): 3 | Biographical Sketches and Interesting Anecdotes of Persons of Colour. To Which is Added, a Selection of Pieces in Poetry (Abigail  Mott): 3 | The Colored Patriots of the American Revolution: With Sketches of Several Distinguished Colored Persons: To Which is Added a Brief Survey of the Condition and Prospects of Colored Americans (William Cooper Nell): 2 | The Kidnapped and the Ransomed. Recollections of Peter Still and His Wife ""Vina,"" after Forty Years of Slavery. (Kate E. R. Pickard): 2 | From Slavery to a Bishopric, or, The Life of Bishop Walter Hawkins of the British Methodist Episcopal Church Canada (S. J. Celestine Edwards): 1"
52,10,52_banneker_almanac_calculation_jefferson,1826,1863,"The Black Man: His Antecedents, His Genius, and His Achievements (William Wells Brown): 6 | The Colored Patriots of the American Revolution: With Sketches of Several Distinguished Colored Persons: To Which is Added a Brief Survey of the Condition and Prospects of Colored Americans (William Cooper Nell): 3 | Biographical Sketches and Interesting Anecdotes of Persons of Colour. To Which is Added, a Selection of Pieces in Poetry (Abigail  Mott): 1"
53,10,53_story_born_born slave_ellen,1826,1902,"The Story of a Slave. A Realistic Revelation of a Social Relation of Slave Times--Hitherto Unwritten--From the Pen of One Who Has Felt Both the Lash and the Caress of a Mistress (  No Author): 2 | Life of Isaac Mason as a Slave (Isaac  Mason): 1 | The Narrative of Bethany Veney: A Slave Woman (Bethany  Veney): 1 | The American Fugitive in Europe. Sketches of Places and People Abroad (William Wells Brown): 1 | The Black Man: His Antecedents, His Genius, and His Achievements (William Wells Brown): 1"
54,10,54_mrs_frank_cox_sister,1846,1895,"The Kidnapped and the Ransomed. Recollections of Peter Still and His Wife ""Vina,"" after Forty Years of Slavery. (Kate E. R. Pickard): 3 | Narratives of the Sufferings of Lewis and Milton Clarke, Sons of a Soldier of the Revolution, During a Captivity of More than Twenty Years Among the Slaveholders of Kentucky, One of the So-Called Christian States of North America (Lewis Garrard Clarke): 2 | From the Darkness Cometh the Light or Struggles for Freedom (Lucy A. Delaney): 2 | The Narrative of Bethany Veney: A Slave Woman (Bethany  Veney): 1 | The Colored Patriots of the American Revolution: With Sketches of Several Distinguished Colored Persons: To Which is Added a Brief Survey of the Condition and Prospects of Colored Americans (William Cooper Nell): 1"
55,10,55_brown_witness_prisoner_madison,1841,1841,"Trials and Confessions of Madison Henderson, Alias Blanchard, Alfred Amos Warrick, James W. Seward, and Charles Brown, Murderers of Jesse Baker and Jacob Weaver, as Given by Themselves; and a Likeness of Each, Taken in Jail Shortly after Their Arrest (Madison  Henderson): 10"
56,10,56_ruin_abbey_poet_beautiful,1855,1855,The American Fugitive in Europe. Sketches of Places and People Abroad (William Wells Brown): 10
57,10,57_theatre_save_window_destroy,1841,1929,"Gilbert Hunt, the City Blacksmith (Philip  Barrett): 4 | Trials and Confessions of Madison Henderson, Alias Blanchard, Alfred Amos Warrick, James W. Seward, and Charles Brown, Murderers of Jesse Baker and Jacob Weaver, as Given by Themselves; and a Likeness of Each, Taken in Jail Shortly after Their Arrest (Madison  Henderson): 2 | Old Plantation Days (W.  Mallory): 2 | My Life and Travels (Levi  Branham): 1 | Memoir of Pierre Toussaint, Born a Slave in St. Domingo (Hannah Farnham Sawyer Lee): 1"
58,10,58_boat_mistress_nat_step right,1826,1875,"Narrative of William Hayden, Containing a Faithful Account of His Travels for a Number of Years, Whilst a Slave, in the South. Written by Himself (William  Hayden): 4 | Biographical Sketches and Interesting Anecdotes of Persons of Colour. To Which is Added, a Selection of Pieces in Poetry (Abigail  Mott): 2 | The American Fugitive in Europe. Sketches of Places and People Abroad (William Wells Brown): 1 | The Black Man: His Antecedents, His Genius, and His Achievements (William Wells Brown): 1 | Narratives of Colored Americans (Abigail  Mott): 1"
59,10,59_doctor_betsey_purchase_dollar,1826,1893,"Narratives of the Sufferings of Lewis and Milton Clarke, Sons of a Soldier of the Revolution, During a Captivity of More than Twenty Years Among the Slaveholders of Kentucky, One of the So-Called Christian States of North America (Lewis Garrard Clarke): 2 | Narratives of Colored Americans (Abigail  Mott): 2 | Biographical Sketches and Interesting Anecdotes of Persons of Colour. To Which is Added, a Selection of Pieces in Poetry (Abigail  Mott): 2 | Life of Isaac Mason as a Slave (Isaac  Mason): 1 | The Narrative of Bethany Veney: A Slave Woman (Bethany  Veney): 1"
